,datetime,content,title
0,2023-01-20 14:33:06,韩国KOSPI指数1月20日（周五）收盘上涨14.92点，涨幅0.63%，报2395.26点。,
1,2023-01-20 14:32:51,蔚蓝锂芯1月20日在互动平台表示，公司LED业务为LED芯片制造销售，公司有MINILED相关产品。,
2,2023-01-20 14:31:04,【“春节档”黄金消费客流倍增 销售端称“一个月卖了三个月的量”】临近新春，黄金迎来消费旺季。记者近日走访澳门以及华南、华东地区部分一二三线城市金店发现，黄金售卖专柜前人气爆棚，客流量较平时成倍增长，购买者以年轻人居多。老凤祥证券部人士表示，疫情好转叠加黄金价格走高，今年春节销售预期较好。其中，受益于年轻人春节返乡等因素，三四线城市的销量明显增加。据记者访问的实体门店销售人员反馈，“临近过年，真的是很好卖。人一波一波的来”“一个月卖了三个月的量”。,
3,2023-01-20 14:28:06,【秦刚同印尼外长蕾特诺通电话】据外交部网站，2023年1月20日，外交部长秦刚同印度尼西亚外长蕾特诺通电话。秦刚说，印尼是东盟主要国家，也是“一带一路”重要合作伙伴。当前，中印尼双边关系面临新的发展机遇。中方鼓励更多优质中国企业赴印尼投资兴业，希望印尼提供更多安全保障和政策便利。秦刚表示，中方全力支持印尼东盟轮值主席国工作，相信印尼将展现领导力，推动东盟共同体建设和东亚合作取得更大发展。,
4,2023-01-20 14:26:52,【工业硅主力合约日内涨超4%】工业硅主力合约日内涨超4%，现报18610元/吨。,
5,2023-01-20 14:26:35,【高通CEO：全球半导体晶圆代工产能未来十年还需提高一倍】高通CEO Cristiano Amon日前接受CNBC采访时表示，随着数字化转型和万物互联深入，未来10年全球需要再增加一倍的晶圆代工产能。另外，Amon强调，高通目前正在汽车芯片等新兴市场高歌猛进，“我们几乎和所有的车厂有合作。”,
6,2023-01-20 14:24:04,"【1月20日：""农产品批发价格200指数""比昨天上升1.12个点】据农业农村部监测，1月20日""农产品批发价格200指数""为137.11，比昨天上升1.12个点，“菜篮子”产品批发价格指数为140.27，比昨天上升1.31个点。截至今日14:00时，全国农产品批发市场猪肉平均价格为23.25元/公斤，比昨天上升0.9%；牛肉78.11元/公斤，比昨天下降0.3%；羊肉68.93元/公斤，比昨天下降0.7%；鸡蛋11.25元/公斤，比昨天下降0.1%；白条鸡18.59元/公斤，比昨天下降3.7%。",
7,2023-01-20 14:23:20,【亚马逊将从2月起提高部分音乐订阅的价格】电子商务巨头亚马逊公司周四表示，将从2月起提高部分音乐订阅的价格。根据该公司的常见问题解答页面，Amazon Music的“无限个人计划”的价格将上涨1美元至每月10.99美元，而其“无限个人学生计划”的价格将从每月4.99美元上涨至5.99美元。该公司表示，更新后的定价从2月21日开始，客户将在该日期后开始在他们的账单上看到新价格。,
8,2023-01-20 14:21:20,据摩根大通预测，2023财年英国GDP将下降0.1%，而此前预计为下降0.3%。,
9,2023-01-20 14:20:36,澳大利亚S&P/ASX200指数1月20日（周五）收盘上涨16.90点，涨幅0.23%，报7452.20点。,
10,2023-01-20 14:19:18,【西班牙：正在研究与法国的水下管道连接 旨在输送绿色氢气】西班牙能源部长特雷莎・里贝拉 (Teresa Ribera) 表示，西班牙和法国已同意探索在两国之间水下铺设管道的可能性，该管道将输送绿色氢气。西班牙政府认为改善与法国的联系将有助于加强欧洲的能源安全并推动其实现气候目标。去年12月，西班牙表示，港口城市巴塞罗那和马赛之间巴尔马尔走廊预计将耗资约25亿欧元，每年可生产200万吨氢气。,
11,2023-01-20 14:15:33,【上期所沪镍期货主力合约大涨5%】上期所沪镍期货主力合约上涨5.04%，报218800.0元/吨。,
12,2023-01-20 14:15:07,【柴犬币在过去一周飙升26%】根据CoinGecko的数据，柴犬币（Shiba Inu）在过去一周大幅上涨，涨幅达26.4%，过去24个小时继续上涨了2.4%。柴犬币飙升的一个原因，可能是交易员在期待开发商于1月15日宣布即将推出的以太坊区块链Shibarium。其他狗类相关的加密货币也走高。根据CoinGecko的数据，狗狗币（Dogecoin）在过去一周上涨3.6%，过去14天上涨10.7%。比特币在过去一周上涨16%。,
13,2023-01-20 14:14:22,抵押贷款公司HYPO：预计2023年芬兰GDP将萎缩1%。,
14,2023-01-20 14:12:47,【美以讨论与沙特关系正常化】据联合早报消息，以色列总理内塔尼亚胡19日与来访的美国总统国家安全事务助理沙利文，讨论与沙特阿拉伯关系正常化的问题。报道称，沙利文是内塔尼亚胡自去年底就任总理以来，首位访问以色列的美国高级官员。据报道，内塔尼亚胡之前在2020年担任总理时，在美国斡旋下，以色列根据《亚伯拉罕协议》同阿联酋、巴林和摩洛哥建立了关系。内塔尼亚胡多次表示，希望看到沙特加入这个名单。以色列总理办公室发表声明说，内塔尼亚胡和沙利文讨论如何深化和扩大《亚伯拉罕协议》，重点是与沙特在外交上取得突破。两人也讨论了遏制伊朗核计划及伊朗在海湾地区的活动。,
15,2023-01-20 14:12:02,【西藏林芝派墨公路雪崩堆积区救援通道打通】记者20日从西藏林芝市“1・17”雪崩灾害前线应急救援指挥部获悉，截至19日18时，派墨公路多雄拉隧道出口（墨脱方向）雪崩堆积区救援通道已打通。（央视新闻）,
16,2023-01-20 14:10:28,据马来西亚独立检验机构AmSpec，马来西亚1月1-20日棕榈油出口量为566561吨，上月同期为921811吨，环比下降38.54%。,
17,2023-01-20 14:08:14,【美海岸警卫队在夏威夷附近监视俄船只】根据美国国防部当地时间19日透露的消息以及美媒报道，近期一艘俄罗斯侦察船在夏威夷附近公海航行。美媒报道称，美国海岸警卫队的飞机和警备舰在过去数周，一直在夏威夷附近对俄罗斯的一艘侦察船进行跟踪和监视。美国国防部以及海岸警卫队还发布了据称是俄方船只的视频。,
18,2023-01-20 14:08:02,【汉堡王中国董事会主席可汗：相信中国市场很快恢复，今年新开200家门店】 TFI集团的CEO和汉堡王中国董事会主席可汗表示，“我相信中国市场会很快恢复，今年会开出超过200家门店。”可汗称，今年给汉堡王中国CEO设定了一个比较高的目标，还给出了今年汉堡王中国的拓店目标，据称将开设超过200家新店。“我们认为我们还有机会创造出更多的就业（岗位）。”可汗表示。（澎湃）,
19,2023-01-20 14:06:27,【琼州海峡进岛车辆实施全预约购票过海】从湛江海事局获悉，从2023年1月19日14时起，所有进入海南岛的客货车辆实行全预约购票过海模式，所有需要搭乘客滚船的旅客凭票进港，旅客可在“琼州海峡轮渡管家”微信公众号等渠道预约购票。,
20,2023-01-20 14:05:17,【报道：将近3年来首批中国游客抵达清迈和普吉，受到“VIP接待”】 据泰国公共广播服务公司（Thai PBS）下属“Thai PBS World”新闻网19日报道，18日两架共载有377名中国游客的直达航班抵达泰国，其中一架航班降落在清迈，另外一架降落在普吉。报道称，这是将近3年来第一批中国游客抵达这两个地区，他们受到了泰国官方的“VIP接待”。（环球网）,
21,2023-01-20 14:05:10,【奈飞高管解读Q4财报：从高价套餐转到低价套餐的用户比预期少，低价广告套餐有望做大规模】奈飞（Netflix）新任联席CEO格雷格・彼得斯称：订阅带有广告套餐的用户参与同订阅免广告套餐的用户参与基本相当，说明产品体验比较理想。广告套餐定价不高，有利于做大规模和整体业务的增长。此外，对于投资者而言，从高价格套餐转换到低价格套餐的例子，没有预期的那么多。,
22,2023-01-20 14:03:43,据日本广播协会（NHK）报道，当地时间1月20日14时48分左右，日本宫城县近海海域发生4.9级地震，最大震感为3，震源深度50公里。（央视新闻）,
23,2023-01-20 14:02:19,日经225指数收涨0.6%，报26553.53点；日本东证指数涨0.6%，报1926.87点。,
24,2023-01-20 14:02:14,【春节假期，内地用户预订赴香港的旅游订单量同比增长近两倍】 携程数据显示，近两周平台上香港的旅游搜索热度环比上涨120%。近一周内地用户预订春节假期赴香港的旅游订单量同比增长近两倍，其中机票订单比上个月同期增长近10倍。（澎湃）,
25,2023-01-20 14:01:37,爱立信第四季度销售净额860亿瑞典克朗，市场预估847.8亿瑞典克朗。第四季度调整后EBIT 81亿瑞典克朗，市场预估107.4亿瑞典克朗。,
26,2023-01-20 13:59:56,【国药集团与郑州市政府会谈】近日，国药集团党委书记、董事长刘敬桢，副总经理（主持经营工作）胡建伟与郑州市何雄市长一行会谈。何雄表示，国药集团产业链齐全、规模优势明显，郑州市将做好服务，在医药会展、免税经济、医药物流、中药研发、食药同源、医药制造等方面与国药集团谋划合作。,
27,2023-01-20 13:59:41,【伊拉克经济陷入困境 每天80%或更多的美元电汇被阻】伊拉克货币走软导致食品和进口商品价格上涨，而伊拉克人正归咎于一个让人意想不到的罪魁祸首：美国财政部和纽约联邦储备银行的一项鲜为人知的政策变化。美国和伊拉克官员说，纽约联储在去年11月开始对伊拉克商业银行的国际美元交易实施更严格的控制，此举是为了遏制洗钱以及非法向伊朗和其他受到严重制裁的中东国家输送美元的行为。根据美国和伊拉克官员以及伊拉克政府的官方数据，自从这些程序生效以来，伊拉克每天80%或更多的美元电汇被阻止，原因是关于资金目的地的信息不足或其他错误。 (财联社),
28,2023-01-20 13:59:16,【泰媒：将近3年来首批中国游客抵达清迈和普吉，受到“VIP接待”】据泰国公共广播服务公司（Thai PBS）下属“Thai PBS World”新闻网19日报道，18日两架共载有377名中国游客的直达航班抵达泰国，其中一架航班降落在清迈，另外一架降落在普吉。报道称，这是将近3年来第一批中国游客抵达这两个地区，他们受到了泰国官方的“VIP接待”。（环球网）,
29,2023-01-20 13:58:10,【美团-W涨超5%】美团-W进一步走强，午后涨幅扩大至超5%报168.7港元/股。基金公司季报显示，睿远均衡价值三年持有混合基金增持了美团近16%。此外，交银瑞思基金也增持了美团超12%。另据港交所1月11日公布的文件显示，摩根大通1月5日增持约4047万股美团，平均增持价格为每股190.3392港元，持股比例上升至5.21%。,
30,2023-01-20 13:58:01,【蠡湖股份：公司涡壳主要客户有盖瑞特、上海菱重、博格华纳、成都西菱等】蠡湖股份在互动平台表示，公司涡壳的主要客户有盖瑞特、上海菱重、博格华纳、成都西菱、博世马勒、奕森-江苏、IHI石播等。,
31,2023-01-20 13:56:48,【厦门信达：目前未涉及免税店或免税商场业务】厦门信达在互动平台表示，公司目前未涉及免税店或免税商场业务。,
32,2023-01-20 13:56:38,【生物股份：公司尚未开展动物新冠疫苗研发】公司尚未开展动物新冠疫苗的研发。,
33,2023-01-20 13:56:19,【三大运营商飙升刺激中字头炒作热情，中国交建涨近5%】三大运营商飙升刺激中字头炒作热情，中国交建涨近5%，中铝国际、中国建筑、中国铁建成交量明显放大。,
34,2023-01-20 13:49:35,【古美两国就执法问题重启对话】当地时间19日，古巴和美国执法机构在古巴首都哈瓦那结束了为期两天的对话，双方就合作应对恐怖主义、偷运移民和移民欺诈等威胁两国安全的议题进行磋商。古方表示，双方代表团就加强执法合作达成共识，并将继续展开对话。（央视新闻）,
35,2023-01-20 13:47:48,【福龙马：公司城市服务机器人主要布局城市服务各分支需求业务】公司城市服务机器人主要布局城市服务各分支需求业务，以场景为导向、以软硬件中台技术为核心进行产品开发。依托集团环卫业务优势，首先以环卫服务机器人为切入点，布局城市服务的环卫清洁业务，开发无人作业和智能作业的清扫、清洗、垃圾收运等机器人产品；再根据园区场景的需求，打造室外、室内成体系的清洁服务机器人产品；同时还将结合城市服务的需求，打造满足城市服务各分支需求的智能机器人产品，形成城市服务机器人整体解决方案，实现支持城市居民生活的各方面需求。,
36,2023-01-20 13:46:20,【高新发展：30亿并购基金已有项目在挖掘储备中】公司可转债的募集资金将投资成都高新西区高端功率半导体器件和组件研发及产业化项目，进一步向功率半导体的核心工艺平台及特色封装线延伸。30亿并购基金目前已有项目在挖掘储备中。,
37,2023-01-20 13:45:51,【北向资金净流入超80亿元】按余额规模口径统计，截至目前北向资金净流入超80亿元，其中沪股通净流入41.14亿元，深股通净流入39.09亿元。,
38,2023-01-20 13:44:50,【去年重庆GDP为29129.03亿元，同比增2.6%】1月19日，重庆市统计局发布2022年重庆市经济运行情况。根据地区生产总值统一核算结果，全年全市实现地区生产总值29129.03亿元，比上年增长2.6%。其中，第一产业实现增加值2012.05亿元，增长4.0%；第二产业实现增加值11693.86亿元，增长3.3%；第三产业实现增加值15423.12亿元，增长1.9%。（澎湃）,
39,2023-01-20 13:44:31,【汽车整车股异动拉升 江淮汽车涨超6%】江淮汽车涨超6%，众泰汽车、安凯客车、亚星客车、长安汽车、长城汽车等跟涨。,
40,2023-01-20 13:44:01,【亚马逊部分音乐订阅计划2月起涨价，每月多收1美元】电子商务巨头亚马逊公司周四表示，将从2月21日起提高其部分音乐订阅计划的价格。根据该公司的常见问题页面，亚马逊音乐的“无限个人计划”价格将上涨1美元，达到每月 10.99美元，而其“无限个人学生计划”将从每月4.99美元上涨到5.99美元。,
41,2023-01-20 13:39:28,【高盛、美银称2023年欧股涨势或已基本结束】策略师们表示，欧洲股市今年延续了强劲的上涨势头，但进一步上涨的空间有限。据对19位策略师的调查显示，他们预计欧洲斯托克600指数在创下史上最好的年初表现后，2023年将收于452点。高盛股票策略师Sharon Bell表示，尽管他们上调了目标价，但他们仍预计回报率很低。她本月将预期从450点上调至465点。她表示，由于股市风险依然很高，且获利料将进一步走弱，债券和现金显然是替代选择。在美银策略师Milla Savova看来，欧股的反弹违背了欧美商业活动的萎缩，目前欧美商业活动都处于衰退水平。他认为，如果经济如美银预测的那样走弱，欧洲斯托克600指数将在年中下跌约20%，至365点。但她预计，经济增长的反弹将推动该指数在年底前反弹至430点。,
42,2023-01-20 13:38:39,A股房地产板块异动拉升，中国武夷涨超6%，华夏幸福、天房发展、深深房A、新城控股、粤泰股份等跟涨。,
43,2023-01-20 13:37:47,【蔚蓝锂芯：公司不涉及供销社合作事项】蔚蓝锂芯在互动平台表示，公司金属物流业务经营情况良好，不涉及供销社合作事项。,
44,2023-01-20 13:37:12,光伏权重股午后走高，阳光电源涨近6%，隆基绿能涨超5%，特变电工、通威股份、TCL中环小幅跟涨。,
45,2023-01-20 13:36:41,【美国打算将没收的部分俄资产转交乌克兰】据俄罗斯观点报消息，美国司法部负责调查和查封俄罗斯受限制资产的工作组组长安德鲁・亚当斯在哈得孙研究所举行的研讨会上说，华盛顿近期打算将没收的部分俄罗斯资产交给乌克兰。亚当斯强调，这是一个相对较新的事态进展。他提醒，去年12月底，美国总统拜登批准的2023年联邦预算法中包括一项条款，允许没收因制裁被冻结的俄罗斯商人的资产，以便随后交给乌克兰。根据安排，美国司法部将把这些资金交给国务院，再由后者“分配”给乌克兰。（参考消息）,
46,2023-01-20 13:36:09,新东方在线(01797.HK)涨超10%，报73.5港元每股，股价再创上市新高。,
47,2023-01-20 13:35:19,欧元兑日元涨0.60%，报139.94；英镑兑日元涨0.46%，报159.84；澳元兑日元上涨0.63%。,
48,2023-01-20 13:35:11,【银保监会同意中冶集团财务有限公司解散】银保监会网站发布关于中冶集团财务有限公司解散的批复，同意中冶集团财务有限公司解散。接此批复文件后，该公司应立即停止一切经营活动，将金融许可证缴回北京银保监局，并按照有关法律法规办理清算及注销等手续。,
49,2023-01-20 13:33:39,【派斯林：拟向关联方转让六合地产、经开物业，完成对房地产开发和物业管理业务的去化】公司正在筹划以现金方式向长春经开国资控股集团有限公司转让持有的全资子公司吉林省六合房地产开发有限公司、长春经开集团物业服务有限公司100%股权重大交易事项。六合地产主营房地产开发业务、经开物业主营物业管理业务，如本次交易顺利完成，公司将实现对房地产开发及物业管理业务的全面去化，集中资源发展智能制造产业，推动上市公司的可持续发展。经开国资为公司持股5%以上股东，本次交易预计将构成关联交易。,
50,2023-01-20 13:33:02,埃塞俄比亚总理任命Mamo Mihretu为央行新任行长。,
51,2023-01-20 13:32:52,1月20日，银保监会网站发布关于中国华融资产管理股份有限公司李子民任职资格的批复，核准李子民中国华融资产管理股份有限公司董事的任职资格。,
52,2023-01-20 13:25:16,【 银保监会：不予许可新华联控股集团财务有限责任公司破产重整】银保监会披露的《关于新华联控股集团财务有限责任公司破产重整的批复》显示，新华联控股有限公司不符合《企业集团财务公司管理办法》（中国银行保险监督管理委员会令2022年第6号）第五十一条规定，故不予许可新华联控股集团财务有限责任公司破产重整。,
53,2023-01-20 13:25:04,【隆基绿能盘中涨超5%】A股隆基绿能盘中大涨5.03%，现报46.98元。 公司公告，2022年净利同比预增60%到71%。,
54,2023-01-20 13:24:33,【安纳达：公司无钙钛矿产品】安纳达在互动平台表示，公司经营中不涉及钙钛矿业务，无钙钛矿产品。,
55,2023-01-20 13:24:01,【超图软件：公司信创订单在进一步扩大 预计未来几年将会有更多落单】超图软件近日在机构调研时表示，目前，行业信创趋势明确，且将呈加速推进的态势，2022年我们在交通、教育、能源等方面都有一些新订单。平台软件拓展性较强，各行各业都可以应用，越来越多的行业都将进行国产替代，能源、农业、电信、航天航空领域都有应用，呈现多点发力态势。我们在产品的适配、技术验证、信创生态建设做好了全面的建设，信创订单也在进一步扩大，预计未来几年在这方面将会有更多的落单。,
56,2023-01-20 13:23:13,据船运调查机构ITS数据显示，马来西亚1月1-20日棕榈油出口量为589308吨，上月同期为952592吨，环比下降38.14%。,
57,2023-01-20 13:22:46,【克明食品：子公司长沙克明面点主营生产和销售生胚包子】长沙克明面点有限公司主营生产和销售生胚包子，公司持有长沙克明面点有限公司75%股权，“包子醒醒”是长沙克明面点有限公司的自主品牌，负责对外推广线下连锁门店运营，目前处于经营模式试运行阶段。,
58,2023-01-20 13:22:39,【确成股份：拟发行可转债募资不超5.5亿元】拟公开发行可转债募资不超过5.5亿元，扣除发行费用后，用于确成泰国年产2.5万吨高分散性白炭黑项目、安徽阿喜生物质（稻壳）资源化综合利用项目、补充流动资金。,
59,2023-01-20 13:22:21,"【摩根资产管理完成收购上投摩根基金】1月20日，摩根资产管理宣布在扩展中国业务的道路上取得重要进展。摩根资产管理已经获得证监会批准，完成收购上投摩根基金管理有限公司，上投摩根基金将会以摩根资产管理的品牌（摩根资产管理中国）运营，以便将中国业务更好融入全球运营模式。摩根资产管理旗下的外商独资企业（Wholly Foreign-Owned Enterprise, WFOE）将整合融入摩根资产管理中国，上投摩根基金总经理王大智将成为摩根资产管理中国总经理，他将汇报给摩根资产管理亚太区首席执行官Dan Watkins。（中证网）",
60,2023-01-20 13:21:44,【江特电机修改三年年报遭深交所通报批评，接近公司人士回应】据银柿财经，1月19日晚间，深交所披露了关于对江特电机及相关当事人给予通报批评的决定。一位接近江特电机的人士表示，此次深交所的通报批评，属于处罚正式完结，对于公司正常经营并无影响，公司2022年就已经收到行政处罚决定书并被罚款，此次年报更正，处分落地，宣告此事告一段落，公司后续可以将更多精力投入到生产经营中去。,
61,2023-01-20 13:21:09,沪深两市成交额突破5000亿。,
62,2023-01-20 13:21:04,【赞宇科技：公司原料要保有一个动态下的头寸，原料价格上涨和下跌都会对头寸产生影响】由于公司产品基础原料棕榈油主要在印尼和马来，为保证公司的连续化生产，从原料采购到原料到生产基地需一个半到两个月时间，公司原料要保有一个动态下的头寸，所以原料价格的上涨和下跌都会对头寸产生影响。,
63,2023-01-20 13:20:44,【创维数字：人机交互车载显示触控系统等产品已定点奇瑞、吉利、一汽大众、奔驰Smart等品牌车厂】公司作为Tier1供应商提供的人机交互车载显示触控系统等产品已定点奇瑞、吉利、一汽大众、奔驰Smart、长安、长城、捷达等品牌车厂，并不断在拓展新品牌及新车型。,
64,2023-01-20 13:19:24,【中国电信午后触板 联通涨超7%】通信运营商个股继续走强，中国电信午后拉升触板，中国联通、中国移动继续冲高。,
65,2023-01-20 13:18:30,斯里兰卡科伦坡指数上涨2%。,
66,2023-01-20 13:18:16,【生物股份：托珠单抗注射液上市申请已获国家药监局药品审批中心受理】生物股份在互动平台表示，公司全资子公司金宇博沃润泽研发的托珠单抗注射液上市申请已获得国家药监局药品审批中心受理。,
67,2023-01-20 13:16:34,【久其软件中标黑龙江省交投集团财务信息化平台建设项目 】近日，久其软件中标黑龙江省交投集团财务信息化平台建设项目。本次项目建设，久其软件将基于女娲平台，为交投集团搭建一个高效、实用的预算及报表数据管控平台，打通财务系统、业务系统间数据壁垒，归集全级次、全口径单位数据，实时监控重点指标，实现风险预警及分析反馈。（证券时报 ）,
68,2023-01-20 13:14:00,澳大利亚S&P/ASX 200指数收盘涨0.2%，报7452.20点。,
69,2023-01-20 13:09:39,【中国电信研究院携手烽火通信完成单波400Gbit/s DWDM系统现网3820km传输验证】据烽火通信官微1月20日消息，2023年1月，中国电信研究院联合烽火通信成功实现400Gbit/s DWDM系统现网3820km超长距实时传输，传输容量达到16Tbit/s，大幅刷新现网400Gbit/s DWDM系统行业传输记录，标志着骨干400Gbit/s DWDM系统向规模商用迈进重要一步。,
70,2023-01-20 13:08:23,恒生科技指数午后涨幅扩大至2％，美团涨逾4％，阿里巴巴涨逾3％，腾讯控股涨约2％。,
71,2023-01-20 13:06:54,A股大基建板块震荡走强，龙建股份此前涨停，中国交建、浙江交科、中铝国际、中国建筑、中国铁建等涨幅居前。,
72,2023-01-20 13:06:38,【中天金融：业绩亏损主要受地产调控影响 营收改善仍需等待政策传导】昨晚，中天金融发布业绩预期，去年预亏超百亿，亏损额比公司市值还多。记者今早以投资者身份致电中天金融。工作人员表示，公司主要业务聚焦地产，近几年融资环境紧张，整个地产行业都面临困局。不过，随着近期信贷政策优化，包括国家房地产政策的调整，后续公司营收有望迎来改善，但政策传导还要一定时间，仍需等待政策传导的最终效果。（第一财经）,
73,2023-01-20 13:02:55,港股影视板块午后走高，IMAX中国(01970.HK)、中国儒意(00136.HK)涨11%，阿里影业(01060.HK)涨5%。,
74,2023-01-20 13:00:43,印度外交部长苏杰生：印度将鼓励对斯里兰卡经济、能源、旅游和基础设施进行更多投资。,
75,2023-01-20 12:58:20,【白酒终端销售正在好转 经销商加紧补货】春节前最后一周，记者走访成都多家商超、烟酒店以及白酒专卖店发现，一些商超把酒类销售专柜设置在显眼位置，逛酒类专柜的人流明显增多，白酒终端销售正在好转。19日，成都一家烟酒店老板李庆告诉记者：“之前的存货都卖空了，1月份又补了一批货。” (中证报),
76,2023-01-20 12:55:39,  【存信披不及时等问题，华夏航空被采取责令改正措施】 贵州证监局在现场检查中发现华夏航空股份有限公司2021年存在信息披露不及时，政府补助、营业收入、费用跨期确认等核算不规范问题。公司时任董事长胡晓军、总经理吴龙江、财务总监张静波、董事会秘书俸杰对公司上述违规行为负有主要责任。贵州证监局决定对公司及相关人员采取责令改正的行政监管措施，并记入证券期货市场诚信档案。,
77,2023-01-20 12:55:23,【珍宝岛药业65个品种进入最新版国家医保目录】1月18日，最新版国家医保药品目录公布。经调整，最新版国家医保药品目录内药品总数达到2967种。其中，珍宝岛药业注射用血塞通、血栓通胶囊、复方芩兰口服液等65个品种进入最新版医保目录。,
78,2023-01-20 12:53:15,  【储能示范项目给予最高财政支持1000万元 深圳大手笔支持电化学储能产业】 据上海证券报，各地出台支持储能发展的政策在持续。记者获悉，深圳市发展改革委1月19日发布《深圳市支持电化学储能产业加快发展的若干措施（征求意见稿）》，对先进的储能示范项目给予财政资金支持，项目最高支持力度不超过1000万元。记者注意到，各地出台支持储能发展的政策在持续，不久前内蒙古印发了关于支持新型储能发展若干政策（2022―2025年）的通知。文件围绕加快新型储能试点示范项目建设，推动储能产业高质量发展，提出了支持的新型储能类型、配建形式、建设规模、价格政策等。同时，文件还提出了支持新型储能全产业链发展，支持各项技术创新及成果转化，引导装备制造业可持续发展。,
79,2023-01-20 12:48:51,  【英国宣布将向乌提供600枚硫磺导弹】英国国防大臣华莱士19日宣布，英国政府计划向乌克兰提供600枚“硫磺”导弹，作为英国此前对乌方提供军事装备计划的补充。华莱士曾于16日表示，英国将向乌克兰提供新一批军事装备，包括“挑战者2”主战坦克、AS-90型自行火炮、装甲车、无人机等。,
80,2023-01-20 12:47:53,斯里兰卡科伦坡股票指数上涨1％。,
81,2023-01-20 12:47:42,据相关草案，日本财务省预计2026/27财年新发行债券约为32万亿日元，而2023财年为35.7万亿日元。,
82,2023-01-20 12:47:24,【美国法院对特朗普处以近100万美元罚款】据CNBC报道，美国联邦法院对前总统唐纳德・特朗普和他的律师处以近百万美元的罚款，因为他们对希拉里・克林顿提起了“毫无根据”的诉讼，声称她试图操纵2016年总统选举结果。特朗普的诉讼要求赔偿7000万美元，指责克林顿及其他30名被告合谋“制造虚假陈述”，从而赢得选举。法院早些时候驳回了这一诉讼，裁定其提交时间太晚且没有证据支持。,
83,2023-01-20 12:46:07,  【去年新疆GDP为17741.34亿元，同比增3.2% 】据天山网报道，1月20日举行的2022年新疆维吾尔自治区国民经济运行情况新闻发布会上公布：根据地区生产总值统一核算结果，2022年新疆地区生产总值17741.34亿元，按不变价格计算，比上年增长3.2%。其中：第一产业增加值2509.27亿元，增长5.3%；第二产业增加值7271.08亿元，增长4.8%；第三产业增加值7960.99亿元，增长1.5%。三次产业贡献率分别为24.0%、52.6%和23.4%，分别拉动经济增长0.8、1.7和0.7个百分点。,
84,2023-01-20 12:44:41,  【美媒：美国企业再次呼吁拜登政府取消特朗普时期对华关税】 环球网援引彭博社报道，多家美国企业再次敦促拜登政府取消特朗普时期对中国商品加征的关税，因为有迹象表明美政府当前正在考虑继续延长这一对华关税措施。据美国贸易代表办公室于当地时间周二（17日）结束的公众评议期内收到的多份意见书，美国最大的商业游说团体美国商会呼吁减免关税，而美国信息技术产业协会则寻求完全取消加征的关税。在提供反馈的近1500家实体企业中，许多小企业表示，这些关税增加了他们投入成本。,
85,2023-01-20 12:42:12,  【中国电信研究院携手烽火通信完成单波400Gbit/s DWDM系统现网3820km传输验证】 烽火通信官微消息，2023年1月，中国电信研究院联合烽火通信成功实现400Gbit/s DWDM系统现网3820km超长距实时传输，传输容量达到16Tbit/s，大幅刷新现网400Gbit/s DWDM系统行业传输记录，标志着骨干400Gbit/s DWDM系统向规模商用迈进重要一步。,
86,2023-01-20 12:42:03,  摩根士丹利称，中国股市若有回调都将是逢低买入的机会。,
87,2023-01-20 12:40:05,  【国家卫健委：结合当前疫情防控进入新阶段的实际 树牢安全生产底线】国家卫生健康委18日召开安全生产委员会扩大会议暨全国卫生健康系统安全生产工作电视电话会议。会议要求，结合当前疫情防控进入新阶段的实际，更要树牢安全生产底线，健全完善安全生产责任体系，有效防范重大安全风险隐患。,
88,2023-01-20 12:37:34,  【中原银行：王炯副董事长资格获中国银保监会河南监管局批准】 公司近日已取得来自中国银保监会河南监管局有关王炯资格的批准文件（豫银保监覆[2023][22]号）。根据该批准文件，王炯作为董事会副董事长的资格已生效。王炯将担任董事会副董事长。,
89,2023-01-20 12:32:02,【奥密克戎株新冠mRNA疫苗获国家药监局临床批件】1月19日，国药集团中国生物复诺健生物科技（上海）有限公司（以下简称“中生复诺健”）针对奥密克戎变异株研发的新冠mRNA疫苗正式获得国家药品监督管理局临床试验批件。,
90,2023-01-20 12:30:51,美元兑日元USD/JPY日内涨幅扩大至0.50%，现报129.05。,
91,2023-01-20 12:27:44,  【贵州证监局对立信会计师事务所（特殊普通合伙）采取出具警示函措施】贵州证监局对立信会计师事务所（特殊普通合伙）采取出具警示函措施。贵州证监局称其在执业华夏航空2021年年报审计项目中存在函证程序执行不到位、非流动资产审计程序执行不到位、期后事项审计程序执行不到位、控制测试程序执行不到位等问题。,
92,2023-01-20 12:26:53,  【冠中生态：公司股东深创投及其关联方减持1.74%公司股份】 公司股东深圳市创新投资集团有限公司及其关联方淄博创新资本创业投资有限公司、潍坊市创新创业资本投资有限公司合计减持公司股份244.07万股，减持比例为1.74%。本次减持后，上述股东持有公司股份699.24万股，占公司总股本的4.99%。,
93,2023-01-20 12:26:25,【1月20日全国铁路预计发送旅客835万人次】澎湃新闻信息，记者从中国国家铁路集团有限公司获悉，1月19日，全国铁路发送旅客895.2万人次；1月20日，全国铁路预计发送旅客835万人次，开行旅客列车9998列。2023年春运自1月7日至2月15日，为期40天。国铁集团客运部负责人介绍，今年春运是中央优化调整防疫政策后的首个春运，学生流、务工流、探亲流、旅游流等基本出行需求保持一定规模，铁路客流呈现回暖趋势，总体上比较平稳。,
94,2023-01-20 12:25:57,【2022年内蒙古GDP为23159亿元，同比增4.2%】1月19日，内蒙古自治区统计局发布2022年全年全区经济运行情况。根据地区生产总值统一核算结果，2022年内蒙古地区生产总值完成23159亿元，按不变价格计算，比上年增长4.2%，高于全国平均水平1.2个百分点。分产业看，第一产业增加值2653.7亿元，比上年增长4.3%；第二产业增加值11241.8亿元，比上年增长6.5%；第三产业增加值9263.1亿元，比上年增长2.2%。三次产业增加值占地区生产总值比重分别为11.5%、48.5%和40.0%，分别拉动经济增长0.5、2.6、1.1个百分点。2022年，全区全部工业增加值9703.8亿元，比上年增长6.6%，拉动经济增长2.2个百分点，对全区经济支撑有力。2022年，全区规模以上工业增加值同比增长8.1%。38个工业行业中，25个行业增加值实现增长，增长面达65.8%，为稳定全区经济大盘奠定了坚实基础。,
95,2023-01-20 12:24:06,  【道亨软件与中钢武汉安环院绿世纪签署战略合作协议】1月17日，道亨软件（恒华科技控股子公司）与中钢安环院绿世纪在武汉举行了战略合作签约仪式。双方约定，将共同开拓和发展国内外非煤矿山、危险化学品以及冶金等行业数字化软件及信息服务业务，围绕“智慧安全”领域信息化、数字化、智能化发展需求，突破关键技术研究，实现深度合作与协同创新。,
96,2023-01-20 12:23:43,市场消息：加密货币公司Genesis申请CHAPTER 11破产文件。据法庭文件显示，加密货币公司Genesis列出的资产和负债估计在10亿至100亿美元之间。,
97,2023-01-20 12:23:38,【专家：节后流动性料保持合理充裕】1月16日-1月20日一周内，央行实现净投放20450亿元，创单周历史纪录。仲量联行大中华区首席经济学家兼研究部总监庞溟表示，人民银行在春节假期前连续通过大额逆回购、超额续做MLF等方式加大公开市场操作力度，可以更具针对性地满足金融机构跨节流动性需求，更为及时有序地平抑短期资金面波动和资金利率中枢波动。“节后流动性和资金面将保持动态平衡、适度宽松，银行体系流动性和整体资金供求将保持平稳合理。”庞溟说。,
98,2023-01-20 12:20:56,  【马来西亚驻俄使馆：正研究与俄企以本国货币进行相互结算的可能性】 马来西亚驻俄罗斯大使馆商务参赞海菲尔・埃尔米・贾米尔向卫星通讯社表示，马来西亚政府正研究与俄罗斯企业以本国货币进行相互结算的可能性，贸易结构和贸易额的问题仍是主要障碍。贾米尔称：“与其他国家相比，目前我们的贸易额并不那么可观，尤其是对卢布和林吉特没有巨大需求。不过，政府正在研究相关问题。”他补充说，马驻俄大使馆收到不少俄罗斯企业的请求，他们期望与马来西亚企业以本国货币进行结算。,
99,2023-01-20 12:20:47,【《流浪地球2》预售票房破1亿】猫眼专业版数据显示，电影《流浪地球2》映前2天 ，预售票房破1亿。,
100,2023-01-20 12:19:17,"【中国人民银行党委书记郭树清到国家外汇管理局中央外汇业务中心调研慰问】2023年1月18日，中国人民银行党委书记郭树清到国家外汇管理局中央外汇业务中心调研，并看望慰问干部职工。国家外汇管理局党组书记、局长潘功胜，局党组成员、副局长陆磊、王春英和李红燕参加活动。

郭树清听取了外汇储备经营管理情况的汇报，并与大家亲切交流。郭树清高度肯定外汇储备经营管理取得的成绩。他指出，多年来，在以习近平同志为核心的党中央坚强领导下，中央外汇业务中心坚决贯彻党中央、国务院决策部署，按照人民银行党委、外汇局党组的要求，不忘初心、牢记使命，与时俱进、开拓创新，不断完善中国特色外汇储备经营管理，有效应对国际政治、经济、金融周期波动和新冠疫情等严峻考验，实现了外汇储备资产安全、流动和保值增值。

郭树清强调，2023年是全面贯彻党的二十大精神的开局之年，中央外汇业务中心要坚持以习近平新时代中国特色社会主义思想为指导，全面落实党的二十大和中央经济工作会议提出的要求，忠于党、忠于国家、忠于人民，大力弘扬外汇储备谦虚审慎、追求卓越的优良传统，统筹发展和安全，朝着建成中国特色、国际一流资产管理机构不懈奋斗，更好服务加快构建新发展格局，为维护国家经济金融安全作出新的更大贡献。（中国银行）",
101,2023-01-20 12:18:11,  【三花智控：发行GDR并在瑞交所上市获瑞交所监管局附条件批准】 公司于近日获得瑞士证券交易所监管局关于公司发行全球存托凭证（“GDR”）并在瑞士证券交易所上市的附条件批准，瑞士证券交易所监管局同意公司发行的GDR在满足惯例性条件后在瑞士证券交易所上市。,
102,2023-01-20 12:18:06,  【通达股份：董事兼副总经理拟减持不超13.25万股公司股份】 持公司股份53万股（占公司总股本比例0.1%）的董事、副总经理张治中计划自本公告披露之日起十五个交易日后六个月内减持不超过公司股份13.25万股（占公司总股本比例0.0251%）。,
103,2023-01-20 12:17:43,  【俄媒：丰田已恢复对俄零部件供应】 俄《消息报》报道，日本汽车制造商丰田公司是第一家在俄罗斯恢复直接供应保修期内维修和保养用零部件的制造商。据报道，这指的是不在制裁清单上的零部件。另据透露，丰田汽车公司的俄罗斯子公司允许其经销商平行进口因限制措施而无法进口的零部件，如电子产品。丰田汽车公司出示了确认独立进口零部件的海关申报单。该公司称，零部件的名称和数量根据每批具体货物的情况而有所不同。恢复全面交货的一个关键障碍是物流链的严重中断。,
104,2023-01-20 12:17:03,  【国务院安委办：强化对人员聚集现场人流密度的实时监测】 近日，国务院安委会办公室印发了《关于进一步加强公共场所人员聚集安全管理的通知》。《通知》指出，公共场所具有人群高度聚集、流动性强、突发性高、偶然性因素多等特点，各地区、各有关部门和单位要进一步提高政治站位，以“时时放心不下”的责任感，严格落实属地管理责任、部门监管责任和企业（单位）主体责任，杜绝麻痹思想和侥幸心理，落实落细安全生产责任措施，确保公共场所安全。（澎湃新闻）,
105,2023-01-20 12:15:20,  【黑龙江：鼓励金融机构为“保交楼”专项借款项目提供新增配套融资支持】 黑龙江省人民政府办公厅印发关于推动全省经济全面恢复增长若干政策措施的通知，其中提出，鼓励金融机构为“保交楼”专项借款项目提供新增配套融资支持。新建商品住宅销售价格同环比连续3个月下降的城市，地方政府按照规定，因城施策原则自主决定阶段性维持、下调或取消首套房贷利率下限政策。推行“带押过户”模式，活跃二手房交易市场。,
106,2023-01-20 12:15:11,  【恒华数元中标天津现代职业技术学院能源数字化管理建设项目】 据证券时报，近日，恒华数元科技（天津）有限公司（恒华科技全资子公司）中标“天津现代职业技术学院能源费用托管及能源数字化管理建设项目”。项目内容主要包括：对天津现代职业技术学院公共区域照明系统、传统路灯系统进行节能改造；采用数字化能源监测平台，为学校能源管理进行数字化搭建；提供项目全生命周期的建设、维护、运营服务；为客户完成以低碳、节能为目标的能源解决方案。,
107,2023-01-20 12:10:37,【午间公告：万凯新材预计2022年净利同比增长108%-135%】 ①万凯新材：预计2022年归母净利润9.2亿元C10.4亿元，同比增长108.19%-135.35%。2022年度，公司在手订单充足，交付情况较好，营业收入较去年大幅增长。 ②鸿博股份：预计2022年归母净利亏损5729万元-8593万元，上年同期盈利913.9万元。 ③楚江新材：预计2022年归母净利1.2亿元-1.6亿元，同比下降71.79%-78.84%。公司采取“规模不减、市场不丢”的价格竞争策略，产品加工费有较大下降，销售毛利率下降。 ④三花智控：公司发行GDR并在瑞士证券交易所上市获得瑞士证券交易所监管局附条件批准。 ⑤通达股份：董事、副总经理张治中拟减持不超过公司股份13.25万股（占公司总股本比例0.0251%）。,
108,2023-01-20 12:09:53,【葛兰在管规模重回900亿 2只产品规模上涨】今日，葛兰管理的中欧明睿新起点、中欧医疗健康、中欧医疗创新、中欧阿尔法，以及和卢纯青共同管理的中欧研究精选等5只基金披露2022年四季报。截至去年年底，葛兰在管公募产品总规模为906.53亿元，较2022年三季度末的875.46亿元上涨31.07亿元。其中，中欧医疗健康2022年底规模为641.38亿元，较2022年三季度末增加28.05亿元；中欧医疗创新2022年底规模为127.24亿元，较2022年三季度末增加9.18亿元。中欧明睿新起点、中欧阿尔法、中欧研究精选在2022年底规模依次为22.63亿元、93.15亿元、22.13亿元，分别较2022年三季度末缩水2.78亿元、2.80亿元、0.59亿元。,
109,2023-01-20 12:08:15,【鸿博股份：预计2022年净亏损5729万元C8593万元，同比转亏】 公司预计2022年归属于上市公司亏损5729万元C8593万元，同比转亏。报告期内受新冠疫情及市场竞争双重影响，部分产品售价下调、成本增长，使得报告期公司毛利率降低，毛利较上年有所下滑。,
110,2023-01-20 12:06:08,【化湿败毒颗粒与Paxlovid治疗新冠疗效相当，价格却低近10倍】“当时只是想看看中药与西药比拼到底是个什么状态，结果让我们很意外，化湿败毒颗粒组治疗第2天、第3天、第5天核酸转阴率均高于西药辉瑞药物Paxlovid组，第5天结果有统计显著性差异的趋势”，上海中医药大学附属曙光医院肝病科主任医师高月求告诉人民日报健康客户端，这意味着化湿败毒颗粒与Paxlovid疗效是相当的，甚至比它还强一点儿，而且从卫生经济学角度考虑，化湿败毒颗粒组治疗费用单疗程价格280元，明显低于单疗程价格2380元西药药物Paxlovid组。 化湿败毒方是中国工程院院士、中国中医科学院院长黄璐琦率领第一支国家中医医疗队驰援武汉金银潭医院开展新冠肺炎疫情防控救治期间，在国家临床诊疗方案基础上，通过以临床救治为核心的疾病规律与有效方案探索，通过与专家共同研讨，优化获得的疗效确切的方药。目前，化湿败毒颗粒已进入国家医保目录，在上海保卫战中发挥了重要作用。（人民日报健康客户端）,
111,2023-01-20 12:05:28,【拜登再回应“文件门”，支持率下降接近任期低点】 据美国有线电视新闻网(CNN)报道，美国总统拜登当地时间19日表示，他“不后悔”没有早些透露2022年11月在他的私人办公室发现的机密文件。这是拜登一周以来首次就“文件门”发表公开评论。拜登说，“我想你会发现没有什么问题。我不后悔，我在遵循律师的要求。这正是我们在做的，没有什么。”另据路透社报道，一项民调显示，由于愈演愈烈的“文件门”，拜登的公众支持率接近他担任总统以来的最低水平。（中新网）,
112,2023-01-20 12:02:41,【以色列30万新冠轻症患者数据研究：“长新冠”可在一年内消退】 以色列KI研究所高级研究员巴拉克・米兹拉希（Barak Mizrahi）等人的一项研究表明，轻度新冠感染患者有少数健康风险，其中大多数在诊断后一年内消退，并且接种疫苗后发生常见呼吸困难的概率降低。感染奥密克戎后有长新冠的可能性是感染德尔塔的24-50%。（澎湃新闻）,
113,2023-01-20 12:01:32,【港股午评：恒指早盘涨1% 教育股走高】港股早盘高开高走，恒指涨1%，恒生科技指数涨1.59%；锂矿概念走高，天齐锂业涨超7%；教育板块反弹，新东方涨约10%。,
114,2023-01-20 12:00:25,【河北坤天新能源完成合计超20亿元Pre-IPO轮融资】 此次融资将用于在云南省进行20万吨锂电池负极材料一体化产能的扩产建设。,
115,2023-01-20 11:57:45,【永泰能源：2022年四季度 公司焦煤产品价格平稳运行后呈上行趋势】 永泰能源1月20日在互动平台表示，2022年四季度，公司焦煤产品价格平稳运行后呈上行趋势，公司采购动力煤价格呈先涨后跌走势，上述煤炭市场价格走势有利于提升公司整体经营业绩。2023年公司生产经营将继续保持稳定向好发展，整体经营业绩将持续保持良好增长。,
116,2023-01-20 11:57:28,美国天然气期货日内走低3.00%，现报3.176美元/百万英热。,
117,2023-01-20 11:54:51,【黑龙江出台推动经济全面复苏“20条” 全省发放政府消费券6亿元】黑龙江省人民政府办公厅印发《关于推动全省经济全面恢复增长的若干政策措施》，共计20条措施。其中提出，全省发放政府消费券6亿元，通过电子红包、线下折扣券等多种形式，在春节和元宵节期间集中发放不低于2亿元，促进冰雪旅游、汽车消费、年货百货、文娱体育、节庆餐饮等消费活动，省级财政根据市（地）实际发放额度按一定比例给予补助。鼓励省内汽车生产企业开展让利促销活动，引导销售的乘用车实行不高于裸车价格10%的优惠。,
118,2023-01-20 11:54:39,【万凯新材：预计2022年净利润同比增长108.19%-135.35%】 万凯新材公告，预计2022年净利润9.2亿元-10.4亿元，同比增长108.19%-135.35%；公司在手订单充足，交付情况较好，营业收入较去年大幅增长。,
119,2023-01-20 11:54:17,【美国一小型飞机坠毁：报告发动机故障后失联 机上人员情况不明】据美国哥伦比亚广播公司1月19日报道，美国一架单引擎飞机当晚在纽约一个机场附近坠毁。这架飞机此前曾报告发动机出现故障，随后与空中交通管制失去联系。美国联邦航空管理局表示，这架小飞机从位于纽约市的约翰・肯尼迪国际机场起飞。当地时间19日下午6时15分左右，这架比奇A36飞机的飞行员报告了发动机问题。在空中交通管制员失去与飞机的雷达和无线电联系后，飞机被报告失踪。（海外网）,
120,2023-01-20 11:53:24,【1月20日午间涨停分析】沪指高开高走涨0.54%，周期板块集体走强。恒久科技收获5连板，中远海科实现3连板，一图看懂>>,
121,2023-01-20 11:52:11,【中国电影：春节档7部主要影片均由公司出品或发行】 中国电影在互动平台表示，2023年春节档上映的7部主要影片均由公司出品或发行。其中，硬科幻大片《流浪地球2》由公司主出品、主发行，《满江红》《无名》《熊出没・伴我“熊芯”》《中国乒乓之绝地反击》为公司参与出品并联合发行，《深海》《交换人生》为公司参与发行影片。本次春节档影片题材丰富，截至目前（1月20日）的预售总票房已超过4.5亿元，观影热情较高。,
122,2023-01-20 11:51:14,【差距如此之大” 俄专家：印经济规模欲比肩中国为时尚早】俄罗斯《消息报》网站1月18日刊登题为《经济学家分析印度经济赶上中国的机会》的报道，报道称经济学家米哈伊尔・别利亚耶夫认为“现在谈论印度GDP将超过中国还为时过早”。 别利亚耶夫表示：“根据最新数据，中国GDP增速为3%，而印度的增长率约为7%至8%。据信，它将能够在一段时间内保持这种速度。但说它将超过中国还为时过早――差距如此之大，至少在未来几十年内无法实现。” 与此同时，别利亚耶夫承认，印度仍有可能上升到比今天更高的位置。 这位经济学家解释说，印度的特点是经济结构极其多样化，而出现快速增长的原因是基数较低和经济刺激。 别利亚耶夫还分析了未来各国经济规模排名情况。（参考消息）,
123,2023-01-20 11:49:19,【高盛上调香港房价预期】 高盛分析师预计，香港房价将在今年下跌10%之后出现反弹，接下来的两年将每年上涨4%。其此前预计香港房价2023年下跌15%，2024年和2025年将保持持平。,
124,2023-01-20 11:45:40,【2022年全国电子商务工作会议召开】商务部消息，1月19日上午，2022年全国电子商务工作会议在北京以视频方式召开。会议回顾2022年全国电子商务工作情况，研判当前面临的形势，部署2023年重点工作。,
125,2023-01-20 11:44:51,【哈尔滨拟出台楼市新政 三孩家庭购首套或二套新房可获2万元补贴】哈尔滨市政府今日发布通知，对进一步促进房地产市场平稳健康发展的措施公开征求意见。征求意见稿提到，具有哈尔滨市户籍（包括9区9县（市）），符合生育政策，在2021年10月29日以后生育第二、第三胎的家庭在主城9区内购买首套或第二套新建商品住房，凭相关有效证明分别给予1.5万元、2万元的一次性购房补贴。此外，非哈尔滨市户籍个人在主城9区内购买首套或第二套新建商品住房，凭相关有效证明，给予1万元一次性购房补贴。,
126,2023-01-20 11:44:19,【永安药业：公司现具备牛磺酸的生产能力为5.8万吨/】永安药业1月20日在互动平台表示，公司现具备牛磺酸的生产能力为5.8万吨/年，目前公司拟扩建的年产4万吨牛磺酸食品添加剂项目正在办理安评审批手续，待该项目建成后，公司将具备年产近10万吨牛磺酸的生产能力。,
127,2023-01-20 11:42:20,【美媒：美国法官下令要求波音公司出庭受审 推翻其免于起诉协议】据美国哥伦比亚广播公司（CBS）报道，当地时间19日，美国地方法院法官里德・奥康纳下令，要求波音公司于1月26日出庭接受提审。该命令推翻了波音公司为避免受到刑事起诉而达成的协议。,
128,2023-01-20 11:37:56,【分析师：日本央行可能已为后YCC时代设计了新工具】一位前日本央行官员表示，一旦日本央行放弃对收益率曲线的控制，其为防止长期利率上升而推出的一项新货币工具最终可能成为新的政策目标。日本央行周三继续维持超低利率，但制定了一项新的政策工具（调整共同担保资金供给操作规则，将浮动利率型贷款的期限提高至10年以下），以捍卫区间上限，并在不增加购债的情况下，保证收益率不会上升太多。分析人士表示，与购债操作不同的是，这一资金供应工具使日本央行能够用大量资金压低借贷成本，而不必担心大规模的购买会导致债券市场流动性枯竭。,
129,2023-01-20 11:31:59,【午评：沪指半日涨0.5% 周期股震荡走强】大盘早间高开高走，三大指数震荡走高。板块方面，有色金属、煤炭、稀土等周期股震荡走强，教育板块反弹回暖，电力板块集体活跃；证券、期货等大金融板块陷入调整，半导体、芯片板块集体回调，消费电子概念走低。总体来看，个股涨多跌少，两市超2900只个股飘红。盘面上，有色金属、稀土、减速器板块涨幅居前，证券、期货、半导体板块跌幅居前。,
130,2023-01-20 11:31:21,【中证转债午盘涨0.42%】中证转债午盘涨0.42%，华源转债涨超12%，上能转债涨近5%，龙净转债涨超4%，中矿转债、英特转债等涨超3%。,
131,2023-01-20 11:31:08,科创50指数早盘收报1025.38点，涨0.17%，成交额285亿。,
132,2023-01-20 11:31:00,【北向资金净流入金额达70亿元】截至目前，北向资金净流入金额达70亿元。其中沪股通净流入近39亿元，深股通净流入超33亿元。,
133,2023-01-20 11:30:31,【国债期货午盘小幅上涨】国债期货午盘小幅上涨，10年期主力合约涨0.02%，5年期主力合约涨0.02%，2年期主力合约涨0.02%。,
134,2023-01-20 11:29:38,【锂电概念港股走强 洪桥集团涨16%】锂电概念港股集体走强，截至发稿，洪桥集团(08137.HK)涨16%，天齐锂业H股(09696.HK)涨8%，赣锋锂业H股(01772.HK)涨5%，五矿资源(01208.HK)涨3%。,
135,2023-01-20 11:29:25,【北向资金净买入超70亿元】以买卖成交额口径（挂单已成交）统计，截至目前北向资金净买入超70亿元，其中沪股通净买入37.83亿元，深股通净买入32.19亿元。以余额规模口径（已挂单）统计，北向资金净流入超73亿元，其中沪股通净流入39.54亿元，深股通净流入34.23亿元。,
136,2023-01-20 11:28:57,【余承东：2022年华为PC产品逆势增长】华为常务董事、终端BG CEO余承东发表《致终端商用客户及合作伙伴的一封信》透露，2022年华为PC产品逆势增长，整体销售规模快速扩张，渠道覆盖实现数倍提升，在重点行业实现了重大突破。2023年，华为将持续加强研发投入，持续深入行业应用场景，进一步完善智慧行业布局。,
137,2023-01-20 11:27:12,市场消息：东京电力公司最快将于下周申请涨价，预计其能源价格将上涨约30%。,
138,2023-01-20 11:22:16,【新疆2022年实现地区生产总值17741.34亿元 同比增长3.2%】据2022年新疆维吾尔自治区国民经济运行情况新闻发布会介绍，根据地区生产总值统一核算结果，2022年新疆地区生产总值17741.34亿元，按不变价格计算，比上年增长3.2%。其中：第一产业增加值2509.27亿元，增长5.3%；第二产业增加值7271.08亿元，增长4.8%；第三产业增加值7960.99亿元，增长1.5%。三次产业贡献率分别为24.0%、52.6%和23.4%，分别拉动经济增长0.8、1.7和0.7个百分点。,
139,2023-01-20 11:21:27,【冬季达沃斯上，大摩CEO盛赞马斯克是“过去100年最伟大的企业家之一”】摩根士丹利CEO詹姆斯・戈尔曼在2023冬季达沃斯上表示，特斯拉CEO埃隆・马斯克是过去100年“最伟大的企业家之一”。在被问及摩根士丹利最终是否会拥有Twitter时，他给出了否定的回答。但他还是把这家社交媒体平台称作“伟大的公司”。,
140,2023-01-20 11:18:33,上海钢联数据显示，碳酸锂和氢氧化锂报价连续五日持平，电解钴涨跌持平，镍豆涨0.63万元/吨。,
141,2023-01-20 11:18:02,【山外山：集采或对公司盈利能力带来积极影响】 山外山(688410)近日接受机构调研时表示，随着公司血液透析器、血液灌流器、血液透析管路等自产血液净化耗材陆续上市，若公司产品进入实行集中带量采购政策区域的产品范围并中标，且降价情况保持目前的趋势，集中带量采购模式以价换量的效应有利于公司增加医院覆盖数量，提升销量，且耗材规模生产后平均生产成本的下降及生产、管理效率的不断提升，集中带量采购或许会对公司盈利能力带来正向积极的影响。,
142,2023-01-20 11:16:25,【日本机床企业山崎马扎克10年来首建海外机床工厂，选址印度】 日本机床大企业山崎马扎克1月19日发布消息称，将在印度建设新工厂。这是该公司约10年来首次在海外建设新工厂。从投资额来看，第一期工程定为约40亿日元，计划2023年3月投产。将生产用于金属零部件切削加工的加工中心（machiningcenter，简称MC），满足印度的机床需求。,
143,2023-01-20 11:16:14,【2022年中国智能手机销量同比下降19% 8年内首次跌破3亿部】CINNO Research数据显示，2022年中国市场智能手机销量或仅约2.55亿部，同比下降19%，各季度销量同比均呈现负增长，跌幅14%-21%之间，创下2015年以来最差年度销量成绩，8年内将首次跌破3亿部，该机构预测，进入2023年，预计短期内疫情的影响将持续抑制消费需求，影响将持续贯穿2023年上半年，2023年下半年情况或将逐步好转。,
144,2023-01-20 11:13:02,【Shein回应估值下跌：不回复市场猜测，没有更多信息透露】近日，有报道称跨境电商平台Shein正与现有投资者洽谈至多30亿美元（约合人民币202亿元）的融资交易，但估值为640亿美元，较此前峰值估值1000亿美元缩水约三分之一，该报道称Shein不回复市场猜测。新浪科技就此向Shein求证，Shein表示没有更多信息可以透露。,
145,2023-01-20 11:12:04,【受罢工影响 葡萄牙航空预计取消1316架次航班】当地时间1月19日，葡萄牙全国民航飞行人员工会宣布，由于未能与葡萄牙国家航空公司（TAP）达成一致，将维持原定于1月25日至1月31日的罢工停飞决定。葡萄牙国家航空公司（TAP）称，此举预计将造成1316架次航班被取消。自去年起，葡萄牙民航工作人员接连举行罢工，要求航空公司提高薪资，并提供更好的工作条件。（央视）,
146,2023-01-20 11:11:08,【锂矿概念拉升走强 融捷股份涨超5%】锂矿概念拉升走强，截至发稿，融捷股份涨超5%，紫金矿业、天齐锂业涨超4%，中矿资源、西藏珠峰涨超3%，西藏矿业、赣锋锂业、盛新锂能等跟涨。,
147,2023-01-20 11:10:49,【渣打证券成为首家新设外商独资证券公司 目前外资控股券商已达10家】随着政策不断优化、开放，国际金融机构紧抓布局良机，外资券商队伍持续扩大。据记者统计，渣打证券获准设立后，目前外资控股券商已达10家，其余9家分别是瑞银证券、瑞信证券、高盛高华证券、摩根士丹利证券（中国）、星展证券、大和证券（中国）、汇丰前海证券、野村东方国际证券和摩根大通证券（中国）。（上证报）,
148,2023-01-20 11:08:37,【浙江省委常委、市委书记刘捷一行莅临巨星控股集团调研指导】 据巨星控股集团消息，1月17日，浙江省委常委、市委书记刘捷一行莅临巨星控股集团调研指导。刘捷书记充分肯定巨星近年来的发展成绩，鼓励企业抓好生产制造，畅通营销渠道，主动出击抓订单，千方百计拓市场，不断提高产品和服务对市场变化的响应速度，努力为交通绿色低碳转型发展提供解决方案，推动企业综合实力再上新台阶。他要求，各级各部门要切实帮助外贸企业解决国际物流不畅、贸易壁垒增多等实际问题，推动外贸供应链、产业链高效运转。,
149,2023-01-20 11:05:52,【深天马Ａ：武汉天马G6OLED显示产品出货呈增长态势，在多个品牌客户产品系列上得到应用】 武汉天马G6项目于2020年底完成刚转柔技术升级改造和主要扩产设备安装调试，开始进入柔性量产爬坡期。目前，武汉天马G6项目已具备达成设计产能的能力。由于项目仍处于综合良率持续提升阶段，因此，还需要持续根据试产情况开展调试设备、检测问题、排除故障等工作，使产线达到预定可使用状态。公司将根据产线的实际运行状态确认转固时点。目前，武汉天马G6的OLED显示产品出货呈增长态势，多款项目顺利开案，在多个品牌客户产品系列上得到应用，客户结构健康。,
150,2023-01-20 11:05:35,【齐峰新材：公司正在研发通过可降解生物质纤维为基材，目前正在研发改进阶段】 随着国家“限塑令”逐步实施，公司正在研发通过可降解的生物质纤维为基材，替代部分塑料制品，目前正在研发改进阶段。,
151,2023-01-20 11:05:20,【港股教育股持续走高】 港股教育股持续走高，新东方涨10%，思考乐教育涨超6%，新东方在线涨5%。,
152,2023-01-20 11:03:43,美元兑马来西亚林吉特USD/MYR下跌0.4%至4.2880，为2022年4月21日以来新低。,
153,2023-01-20 11:03:23,【易事特全资控股大荔中电国能新能源开发公司】企查查APP显示，近日，大荔中电国能新能源开发有限公司发生工商变更，原股东华润深国投信托有限公司退出，由易事特全资控股。企查查信息显示，大荔中电国能新能源开发有限公司成立于2015年，注册资本1.51亿元。经营范围含太阳能发电技术服务;光伏设备及元器件制造等。,
154,2023-01-20 11:02:17,隔夜shibor报1.8340%，上涨17.8个基点；7天shibor报1.9880%，下跌29.3个基点；3个月shibor报2.3770%，上涨0.1个基点。,
155,2023-01-20 11:02:00,【暴雪禁止中国玩家参加炉石赛事】 《炉石传说》官方公开了2023年炉石赛事的比赛规则，其在公告页下的常见问题处写道：中国大陆玩家无法参与该赛事，若是在赛事过程中找到合作伙伴，其将会重新评估参赛资格。,
156,2023-01-20 10:58:53,日本首相岸田文雄表示，将考虑把新冠降级为与流感相同的风险类别。,
157,2023-01-20 10:57:55,【普华永道：2023年中国GDP增长有可能达到6%以上】国际四大会计师事务所之一普华永道近日表示，今年春节期间全国人口较大规模流动，有望带动消费的进一步复苏。综合来看，假如疫情对今年一季度GDP增长影响比较有限的话，2023年中国GDP增长达到6%以上也是有可能的。（澎湃）,
158,2023-01-20 10:56:30,【欧洲央行行长表达抗击高通胀决心】欧洲央行行长拉加德当地时间1月19日出席达沃斯世界经济论坛年会时称，欧元区通胀仍然维持在高位，欧洲央行不会放松控制通胀的决心。（央视）,
159,2023-01-20 10:55:55,【港口板块异动拉升，连云港触及涨停】 港口板块异动拉升，连云港触及涨停，锦州港涨超5%，南京港、珠海港、重庆港跟涨。,
160,2023-01-20 10:52:15,【上海临港管委会开展《面向无驾驶人的路侧车路协同系统分阶段建设导则》意见征询】 据上海临港消息，为进一步科学、规范指导临港新片区智慧交通车路协同建设工作，承接《上海市浦东新区促进无驾驶人智能网联汽车创新应用规定》，临港管委会牵头组织编制了《面向无驾驶人的路侧车路协同系统分阶段建设导则》，现面向社会开展第一轮公开意见和建议征集工作。,
161,2023-01-20 10:51:42,【国务院安委办部署进一步加强公共场所人员聚集安全管理】 近日，国务院安委会办公室印发了《关于进一步加强公共场所人员聚集安全管理的通知》，对加强人员聚集公共场所和群众自发性聚集活动安全管理提出要求。 《通知》指出，公共场所具有人群高度聚集、流动性强、突发性高、偶然性因素多等特点，各地区、各有关部门和单位要进一步提高政治站位，以“时时放心不下”的责任感，严格落实属地管理责任、部门监管责任和企业（单位）主体责任，杜绝麻痹思想和侥幸心理，落实落细安全生产责任措施，确保公共场所安全。 《通知》要求，要加强分析研判，将人群经常聚集的广场等公共场所纳入监测网络并进行日常监测，强化群众自发性聚集活动的安全管理。牢牢守住大型群众性活动审批红线，严格人员聚集公共场所安全许可，结合本地区社会公共活动特点、发展趋势、产业结构变化等情况，扎实开展安全风险评估。,
162,2023-01-20 10:51:17,【汇顶科技：正与整机厂商合作，将在2023年推出批量商用产品】汇顶科技(603160)1月20日在互动平台上表示，公司正与整机厂商进行合作，将在2023年推出批量商用产品，在数字货币、数字身份证、手机门禁卡等应用领域为消费者带来新的科技体验，从而推动公司业绩成长。,
163,2023-01-20 10:49:47,【福州新区智能汽车产业启动】1月19日，智能汽车（东南）数字经济产业科创基地揭牌，福州新区引入百度Apollo（科创基地）作为标杆示范，未来将打造“智能汽车产业园”。结合当前新区的基础建设情况及建设周期等要素，先期建设Apollo Space（运营中心）作为项目基地，满足智能网联无人驾驶的展示、体验、测试验证、创新研发、企业赋能、生态合作、研学基地、业务运营等基本功能。,
